plan_number,seats,score
0,1,0.33258234494408273
1,1,0.2780113930681589
2,1,0.2780113930681589
3,1,0.2859479010046668
4,1,0.2859479010046668
5,1,0.22286989701296303
6,1,0.1723787673153629
7,1,0.1704578366621628
