plan_number,seats,score
0,1,0.26156160490842695
1,1,0.25716522047378004
2,2,0.3793874426960022
3,2,0.2876126234493289
4,2,0.3087162697483664
5,2,0.3006677846006143
